,time,vector
0,17:00:00,"[0.0, 0.007806158099637804, 0.007806158099637804, 0.0, 0.04970312441505799, 0.002443666794340165, 0.0, 0.0005581860690618067, 0.0, 0.0026334500471238333, 0.002443666794340165, 0.0, 0.0, 0.007995941352421473, 0.049513341162274314, 0.002443666794340165, 0.0, 0.0005581860690618067, 0.0, 0.023406601466458697, 0.007806158099637804, 0.0, 0.049513341162274314, 0.00018978325278366865, 0.00018978325278366865, 0.0, 0.049513341162274314, 0.0, 0.0030018528634019716, 0.007806158099637804, 0.002443666794340165, 0.0, 0.0, 0.0030018528634019716, 0.002443666794340165, 0.002443666794340165, 0.0, 0.002443666794340165, 0.0, 0.007806158099637804, 0.00018978325278366865, 0.0, 0.0, 0.002443666794340165, 0.00018978325278366865, 0.006344766952551829, 0.00018978325278366865, 0.00018978325278366865, 0.0030018528634019716, 0.049513341162274314, 0.0, 0.0026334500471238333, 0.0005581860690618067, 0.007806158099637804, 0.0030018528634019716, 0.0, 0.0005581860690618066, 0.006344766952551831, 0.007806158099637804, 0.00836434416869961, 0.0039011001582116645, 0.00836434416869961, 0.002443666794340165, 0.002443666794340165, 0.007806158099637804, 0.00836434416869961, 0.0, 0.0, 0.00018978325278366865, 0.00018978325278366865, 0.0, 0.00018978325278366865, 0.34659340795632104, 0.0, 0.007806158099637804, 0.0, 0.00018978325278366865, 0.0005581860690618067, 0.0, 0.002443666794340165, 0.0005581860690618067, 0.0, 0.007995941352421473, 0.007995941352421473, 0.002443666794340165, 0.0, 0.0005581860690618067, 0.0, 0.0, 0.0, 0.0, 0.007806158099637804, 0.0039011001582116645, 0.00018978325278366865, 0.0005581860690618067, 0.0, 0.002443666794340165, 0.04970312441505799, 0.0, 0.0, 0.0, 0.0, 0.0039011001582116645, 0.0026334500471238333, 0.0005581860690618067, 0.0005581860690618067, 0.002443666794340165, 0.0, 0.007806158099637804, 0.0, 0.0, 0.0039011001582116645, 0.0, 0.007806158099637804, 0.04970312441505799]"
1,17:05:00,"[0.0, 0.0038127834352576565, 0.0038127834352576565, 0.0, 0.02581133650131268, 0.001193566945681637, 0.0, 0.0047864651229766, 0.0, 0.0028209649861896313, 0.001193566945681637, 0.0, 0.0, 0.005440181475765652, 0.024183938460804674, 0.001193566945681637, 0.0, 0.0047864651229766, 0.0, 0.20071242791007007, 0.0038127834352576565, 0.0, 0.024183938460804674, 0.0016273980405079951, 0.0016273980405079951, 0.0, 0.024183938460804674, 0.0, 0.005980032068658238, 0.0038127834352576565, 0.001193566945681637, 0.0, 0.0, 0.005980032068658238, 0.001193566945681637, 0.001193566945681637, 0.0, 0.001193566945681637, 0.0, 0.0038127834352576565, 0.0016273980405079951, 0.0, 0.0, 0.001193566945681637, 0.0016273980405079951, 0.034645638184115174, 0.0016273980405079951, 0.0016273980405079951, 0.005980032068658238, 0.024183938460804674, 0.0, 0.0028209649861896313, 0.0047864651229766, 0.0038127834352576565, 0.005980032068658238, 0.0, 0.0047864651229766, 0.03464563818411518, 0.0038127834352576565, 0.00859924855823426, 0.03345207123843354, 0.00859924855823426, 0.001193566945681637, 0.001193566945681637, 0.0038127834352576565, 0.00859924855823426, 0.0, 0.0, 0.0016273980405079951, 0.0016273980405079951, 0.0, 0.0016273980405079951, 0.16928757882315296, 0.0, 0.0038127834352576565, 0.0, 0.0016273980405079951, 0.0047864651229766, 0.0, 0.001193566945681637, 0.0047864651229766, 0.0, 0.005440181475765652, 0.005440181475765652, 0.001193566945681637, 0.0, 0.0047864651229766, 0.0, 0.0, 0.0, 0.0, 0.0038127834352576565, 0.03345207123843354, 0.0016273980405079951, 0.0047864651229766, 0.0, 0.001193566945681637, 0.02581133650131268, 0.0, 0.0, 0.0, 0.0, 0.03345207123843354, 0.0028209649861896313, 0.0047864651229766, 0.0047864651229766, 0.001193566945681637, 0.0, 0.0038127834352576565, 0.0, 0.0, 0.03345207123843354, 0.0, 0.0038127834352576565, 0.025811336501312676]"
2,17:10:00,"[0.0, 0.003731392130587832, 0.003731392130587832, 0.0, 0.025324383997810604, 0.0011680879295108213, 0.0, 0.004872644150628508, 0.0, 0.002824786837573757, 0.0011680879295108213, 0.0, 0.0, 0.005388091038650768, 0.023667685089747672, 0.0011680879295108213, 0.0, 0.004872644150628508, 0.0, 0.20432620162866624, 0.003731392130587832, 0.0, 0.023667685089747672, 0.0016566989080629346, 0.0016566989080629346, 0.0, 0.023667685089747672, 0.0, 0.006040732080139328, 0.003731392130587832, 0.0011680879295108213, 0.0, 0.0, 0.006040732080139328, 0.0011680879295108213, 0.0011680879295108213, 0.0, 0.0011680879295108213, 0.0, 0.003731392130587832, 0.0016566989080629346, 0.0, 0.0, 0.0011680879295108213, 0.0016566989080629346, 0.03522245478783853, 0.0016566989080629346, 0.0016566989080629346, 0.006040732080139328, 0.023667685089747672, 0.0, 0.002824786837573757, 0.004872644150628508, 0.003731392130587832, 0.006040732080139328, 0.0, 0.004872644150628508, 0.035222454787838545, 0.003731392130587832, 0.00860403628121634, 0.0340543668583277, 0.00860403628121634, 0.0011680879295108213, 0.0011680879295108213, 0.003731392130587832, 0.00860403628121634, 0.0, 0.0, 0.0016566989080629346, 0.0016566989080629346, 0.0, 0.0016566989080629346, 0.16567380501739537, 0.0, 0.003731392130587832, 0.0, 0.0016566989080629346, 0.004872644150628508, 0.0, 0.0011680879295108213, 0.004872644150628508, 0.0, 0.005388091038650768, 0.005388091038650768, 0.0011680879295108213, 0.0, 0.004872644150628508, 0.0, 0.0, 0.0, 0.0, 0.003731392130587832, 0.0340543668583277, 0.0016566989080629346, 0.004872644150628508, 0.0, 0.0011680879295108213, 0.025324383997810604, 0.0, 0.0, 0.0, 0.0, 0.0340543668583277, 0.002824786837573757, 0.004872644150628508, 0.004872644150628508, 0.0011680879295108213, 0.0, 0.003731392130587832, 0.0, 0.0, 0.0340543668583277, 0.0, 0.003731392130587832, 0.025324383997810607]"
3,17:15:00,"[0.0, 0.0036580270556350646, 0.0036580270556350646, 0.0, 0.024885451275663016, 0.0011451214721149407, 0.0, 0.004950324817484594, 0.0, 0.002828231805244346, 0.0011451214721149407, 0.0, 0.0, 0.005341137388764471, 0.02320234094253361, 0.0011451214721149407, 0.0, 0.004950324817484594, 0.0, 0.2075836107684101, 0.0036580270556350646, 0.0, 0.02320234094253361, 0.0016831103331294054, 0.0016831103331294054, 0.0, 0.02320234094253361, 0.0, 0.0060954462895995345, 0.0036580270556350646, 0.0011451214721149407, 0.0, 0.0, 0.0060954462895995345, 0.0011451214721149407, 0.0011451214721149407, 0.0, 0.0011451214721149407, 0.0, 0.0036580270556350646, 0.0016831103331294054, 0.0, 0.0, 0.0011451214721149407, 0.0016831103331294054, 0.035742389853848776, 0.0016831103331294054, 0.0016831103331294054, 0.0060954462895995345, 0.02320234094253361, 0.0, 0.002828231805244346, 0.004950324817484594, 0.0036580270556350646, 0.0060954462895995345, 0.0, 0.004950324817484595, 0.03574238985384877, 0.0036580270556350646, 0.00860835187311966, 0.034597268381733826, 0.00860835187311966, 0.0011451214721149407, 0.0011451214721149407, 0.0036580270556350646, 0.00860835187311966, 0.0, 0.0, 0.0016831103331294054, 0.0016831103331294054, 0.0, 0.0016831103331294054, 0.1624163957990852, 0.0, 0.0036580270556350646, 0.0, 0.0016831103331294054, 0.004950324817484594, 0.0, 0.0011451214721149407, 0.004950324817484594, 0.0, 0.005341137388764471, 0.005341137388764471, 0.0011451214721149407, 0.0, 0.004950324817484594, 0.0, 0.0, 0.0, 0.0, 0.0036580270556350646, 0.034597268381733826, 0.0016831103331294054, 0.004950324817484594, 0.0, 0.0011451214721149407, 0.024885451275663016, 0.0, 0.0, 0.0, 0.0, 0.034597268381733826, 0.002828231805244346, 0.004950324817484594, 0.004950324817484594, 0.0011451214721149407, 0.0, 0.0036580270556350646, 0.0, 0.0, 0.034597268381733826, 0.0, 0.0036580270556350646, 0.024885451275663016]"
4,17:20:00,"[0.0, 0.003591896720894026, 0.003591896720894026, 0.0, 0.024489802966667182, 0.0011244198028754126, 0.0, 0.0050203451712483894, 0.0, 0.002831337054784058, 0.0011244198028754126, 0.0, 0.0, 0.005298813972802675, 0.022782885714758536, 0.0011244198028754126, 0.0, 0.0050203451712483894, 0.0, 0.21051979746130797, 0.003591896720894026, 0.0, 0.022782885714758536, 0.001706917251908647, 0.001706917251908647, 0.0, 0.022782885714758536, 0.0, 0.006144764974123799, 0.003591896720894026, 0.0011244198028754126, 0.0, 0.0, 0.006144764974123799, 0.0011244198028754126, 0.0011244198028754126, 0.0, 0.0011244198028754126, 0.0, 0.003591896720894026, 0.001706917251908647, 0.0, 0.0, 0.0011244198028754126, 0.001706917251908647, 0.03621105263352966, 0.001706917251908647, 0.001706917251908647, 0.006144764974123799, 0.022782885714758536, 0.0, 0.002831337054784058, 0.0050203451712483894, 0.003591896720894026, 0.006144764974123799, 0.0, 0.0050203451712483894, 0.03621105263352965, 0.003591896720894026, 0.008612241892142412, 0.03508663283065426, 0.008612241892142412, 0.0011244198028754126, 0.0011244198028754126, 0.003591896720894026, 0.008612241892142412, 0.0, 0.0, 0.001706917251908647, 0.001706917251908647, 0.0, 0.001706917251908647, 0.1594802090353687, 0.0, 0.003591896720894026, 0.0, 0.001706917251908647, 0.0050203451712483894, 0.0, 0.0011244198028754126, 0.0050203451712483894, 0.0, 0.005298813972802675, 0.005298813972802675, 0.0011244198028754126, 0.0, 0.0050203451712483894, 0.0, 0.0, 0.0, 0.0, 0.003591896720894026, 0.03508663283065426, 0.001706917251908647, 0.0050203451712483894, 0.0, 0.0011244198028754126, 0.024489802966667182, 0.0, 0.0, 0.0, 0.0, 0.03508663283065426, 0.002831337054784058, 0.0050203451712483894, 0.0050203451712483894, 0.0011244198028754126, 0.0, 0.003591896720894026, 0.0, 0.0, 0.03508663283065426, 0.0, 0.003591896720894026, 0.02448980296666718]"
5,17:25:00,"[0.0, 0.0035322876879069084, 0.0035322876879069084, 0.0, 0.02413317067084434, 0.001105759584544147, 0.0, 0.0050834606173386, 0.0, 0.0028341360867709803, 0.001105759584544147, 0.0, 0.0, 0.005260664190133744, 0.0224047941686175, 0.001105759584544147, 0.0, 0.0050834606173386, 0.0, 0.21316643837305688, 0.0035322876879069084, 0.0, 0.0224047941686175, 0.0017283765022268348, 0.0017283765022268348, 0.0, 0.0224047941686175, 0.0, 0.006189220201882745, 0.0035322876879069084, 0.001105759584544147, 0.0, 0.0, 0.006189220201882745, 0.001105759584544147, 0.001105759584544147, 0.0, 0.001105759584544147, 0.0, 0.0035322876879069084, 0.0017283765022268348, 0.0, 0.0, 0.001105759584544147, 0.0017283765022268348, 0.03663349923391707, 0.0017283765022268348, 0.0017283765022268348, 0.006189220201882745, 0.0224047941686175, 0.0, 0.0028341360867709803, 0.0050834606173386, 0.0035322876879069084, 0.006189220201882745, 0.0, 0.0050834606173386, 0.036633499233917066, 0.0035322876879069084, 0.008615748305245509, 0.035527739649372926, 0.008615748305245509, 0.001105759584544147, 0.001105759584544147, 0.0035322876879069084, 0.008615748305245509, 0.0, 0.0, 0.0017283765022268348, 0.0017283765022268348, 0.0, 0.0017283765022268348, 0.15683356805978477, 0.0, 0.0035322876879069084, 0.0, 0.0017283765022268348, 0.0050834606173386, 0.0, 0.001105759584544147, 0.0050834606173386, 0.0, 0.005260664190133744, 0.005260664190133744, 0.001105759584544147, 0.0, 0.0050834606173386, 0.0, 0.0, 0.0, 0.0, 0.0035322876879069084, 0.035527739649372926, 0.0017283765022268348, 0.0050834606173386, 0.0, 0.001105759584544147, 0.02413317067084434, 0.0, 0.0, 0.0, 0.0, 0.035527739649372926, 0.0028341360867709803, 0.0050834606173386, 0.0050834606173386, 0.001105759584544147, 0.0, 0.0035322876879069084, 0.0, 0.0, 0.035527739649372926, 0.0, 0.0035322876879069084, 0.024133170670844337]"
6,17:30:00,"[0.0, 0.0034785568724260327, 0.0034785568724260327, 0.0, 0.023811706907365428, 0.0010889395037988892, 0.0, 0.00514035206848157, 0.0, 0.0028366590981952202, 0.0010889395037988892, 0.0, 0.0, 0.005226276466822366, 0.022063987312969095, 0.0010889395037988892, 0.0, 0.00514035206848157, 0.0, 0.21555208644260457, 0.0034785568724260327, 0.0, 0.022063987312969095, 0.0017477195943963312, 0.0017477195943963312, 0.0, 0.022063987312969095, 0.0, 0.006229291572280457, 0.0034785568724260327, 0.0010889395037988892, 0.0, 0.0, 0.006229291572280457, 0.0010889395037988892, 0.0010889395037988892, 0.0, 0.0010889395037988892, 0.0, 0.0034785568724260327, 0.0017477195943963312, 0.0, 0.0, 0.0010889395037988892, 0.0017477195943963312, 0.03701428716484766, 0.0017477195943963312, 0.0017477195943963312, 0.006229291572280457, 0.022063987312969095, 0.0, 0.0028366590981952202, 0.00514035206848157, 0.0034785568724260327, 0.006229291572280457, 0.0, 0.005140352068481571, 0.03701428716484767, 0.0034785568724260327, 0.008618908940907603, 0.03592534766104878, 0.008618908940907603, 0.0010889395037988892, 0.0010889395037988892, 0.0034785568724260327, 0.008618908940907603, 0.0, 0.0, 0.0017477195943963312, 0.0017477195943963312, 0.0, 0.0017477195943963312, 0.15444791993269713, 0.0, 0.0034785568724260327, 0.0, 0.0017477195943963312, 0.00514035206848157, 0.0, 0.0010889395037988892, 0.00514035206848157, 0.0, 0.005226276466822366, 0.005226276466822366, 0.0010889395037988892, 0.0, 0.00514035206848157, 0.0, 0.0, 0.0, 0.0, 0.0034785568724260327, 0.03592534766104878, 0.0017477195943963312, 0.00514035206848157, 0.0, 0.0010889395037988892, 0.023811706907365428, 0.0, 0.0, 0.0, 0.0, 0.03592534766104878, 0.0028366590981952202, 0.00514035206848157, 0.00514035206848157, 0.0010889395037988892, 0.0, 0.0034785568724260327, 0.0, 0.0, 0.03592534766104878, 0.0, 0.0034785568724260327, 0.02381170690736543]"
7,17:35:00,"[0.0, 0.0034301246065836432, 0.0034301246065836432, 0.0, 0.023521943606507893, 0.0010737780994007973, 0.0, 0.005191633290649066, 0.0, 0.0028389333082351853, 0.0010737780994007973, 0.0, 0.0, 0.005195279815418037, 0.02175678839767349, 0.0010737780994007973, 0.0, 0.005191633290649066, 0.0, 0.21770247892179248, 0.0034301246065836432, 0.0, 0.02175678839767349, 0.0017651552088343886, 0.0017651552088343886, 0.0, 0.02175678839767349, 0.0, 0.006265411390049861, 0.0034301246065836432, 0.0010737780994007973, 0.0, 0.0, 0.006265411390049861, 0.0010737780994007973, 0.0010737780994007973, 0.0, 0.0010737780994007973, 0.0, 0.0034301246065836432, 0.0017651552088343886, 0.0, 0.0, 0.0010737780994007973, 0.0017651552088343886, 0.037357524507057156, 0.0017651552088343886, 0.0017651552088343886, 0.006265411390049861, 0.02175678839767349, 0.0, 0.0028389333082351853, 0.005191633290649066, 0.0034301246065836432, 0.006265411390049861, 0.0, 0.005191633290649065, 0.03735752450705717, 0.0034301246065836432, 0.008621757897232712, 0.03628374640765636, 0.008621757897232712, 0.0010737780994007973, 0.0010737780994007973, 0.0034301246065836432, 0.008621757897232712, 0.0, 0.0, 0.0017651552088343886, 0.0017651552088343886, 0.0, 0.0017651552088343886, 0.15229752740164332, 0.0, 0.0034301246065836432, 0.0, 0.0017651552088343886, 0.005191633290649066, 0.0, 0.0010737780994007973, 0.005191633290649066, 0.0, 0.005195279815418037, 0.005195279815418037, 0.0010737780994007973, 0.0, 0.005191633290649066, 0.0, 0.0, 0.0, 0.0, 0.0034301246065836432, 0.03628374640765636, 0.0017651552088343886, 0.005191633290649066, 0.0, 0.0010737780994007973, 0.023521943606507893, 0.0, 0.0, 0.0, 0.0, 0.03628374640765636, 0.0028389333082351853, 0.005191633290649066, 0.005191633290649066, 0.0010737780994007973, 0.0, 0.0034301246065836432, 0.0, 0.0, 0.03628374640765636, 0.0, 0.0034301246065836432, 0.023521943606507886]"
8,17:40:00,"[0.0, 0.0033864683852210115, 0.0033864683852210115, 0.0, 0.023260754694839576, 0.0010601118045236294, 0.0, 0.0052378575245921166, 0.0, 0.0028409832519081272, 0.0010601118045236294, 0.0, 0.0, 0.005167339832605513, 0.021479883247455075, 0.0010601118045236294, 0.0, 0.0052378575245921166, 0.0, 0.21964081503832847, 0.0033864683852210115, 0.0, 0.021479883247455075, 0.001780871447384499, 0.001780871447384499, 0.0, 0.021479883247455075, 0.0, 0.006297969329115744, 0.0033864683852210115, 0.0010601118045236294, 0.0, 0.0, 0.006297969329115744, 0.0010601118045236294, 0.0010601118045236294, 0.0, 0.0010601118045236294, 0.0, 0.0033864683852210115, 0.001780871447384499, 0.0, 0.0, 0.0010601118045236294, 0.001780871447384499, 0.03766691423167137, 0.001780871447384499, 0.001780871447384499, 0.006297969329115744, 0.021479883247455075, 0.0, 0.0028409832519081272, 0.0052378575245921166, 0.0033864683852210115, 0.006297969329115744, 0.0, 0.005237857524592115, 0.03766691423167138, 0.0033864683852210115, 0.00862432590981313, 0.03660680242714776, 0.00862432590981313, 0.0010601118045236294, 0.0010601118045236294, 0.0033864683852210115, 0.00862432590981313, 0.0, 0.0, 0.001780871447384499, 0.001780871447384499, 0.0, 0.001780871447384499, 0.15035919123835612, 0.0, 0.0033864683852210115, 0.0, 0.001780871447384499, 0.0052378575245921166, 0.0, 0.0010601118045236294, 0.0052378575245921166, 0.0, 0.005167339832605513, 0.005167339832605513, 0.0010601118045236294, 0.0, 0.0052378575245921166, 0.0, 0.0, 0.0, 0.0, 0.0033864683852210115, 0.03660680242714776, 0.001780871447384499, 0.0052378575245921166, 0.0, 0.0010601118045236294, 0.023260754694839576, 0.0, 0.0, 0.0, 0.0, 0.03660680242714776, 0.0028409832519081272, 0.0052378575245921166, 0.0052378575245921166, 0.0010601118045236294, 0.0, 0.0033864683852210115, 0.0, 0.0, 0.03660680242714776, 0.0, 0.0033864683852210115, 0.02326075469483958]"
9,17:45:00,"[0.0, 0.003347117228909939, 0.003347117228909939, 0.0, 0.02302532236998483, 0.001047793182134452, 0.0, 0.005279523454406404, 0.0, 0.0028428310447629586, 0.001047793182134452, 0.0, 0.0, 0.005142155091538451, 0.02123028450735632, 0.001047793182134452, 0.0, 0.005279523454406404, 0.0, 0.2213880062776162, 0.003347117228909939, 0.0, 0.02123028450735632, 0.0017950378626285085, 0.0017950378626285085, 0.0, 0.02123028450735632, 0.0, 0.006327316636540858, 0.003347117228909939, 0.001047793182134452, 0.0, 0.0, 0.006327316636540858, 0.001047793182134452, 0.001047793182134452, 0.0, 0.001047793182134452, 0.0, 0.003347117228909939, 0.0017950378626285085, 0.0, 0.0, 0.001047793182134452, 0.0017950378626285085, 0.03794579414922544, 0.0017950378626285085, 0.0017950378626285085, 0.006327316636540858, 0.02123028450735632, 0.0, 0.0028428310447629586, 0.005279523454406404, 0.003347117228909939, 0.006327316636540858, 0.0, 0.005279523454406403, 0.03794579414922545, 0.003347117228909939, 0.008626640683316346, 0.036898000967091005, 0.008626640683316346, 0.001047793182134452, 0.001047793182134452, 0.003347117228909939, 0.008626640683316346, 0.0, 0.0, 0.0017950378626285085, 0.0017950378626285085, 0.0, 0.0017950378626285085, 0.14861199995692742, 0.0, 0.003347117228909939, 0.0, 0.0017950378626285085, 0.005279523454406404, 0.0, 0.001047793182134452, 0.005279523454406404, 0.0, 0.005142155091538451, 0.005142155091538451, 0.001047793182134452, 0.0, 0.005279523454406404, 0.0, 0.0, 0.0, 0.0, 0.003347117228909939, 0.036898000967091005, 0.0017950378626285085, 0.005279523454406404, 0.0, 0.001047793182134452, 0.02302532236998483, 0.0, 0.0, 0.0, 0.0, 0.036898000967091005, 0.0028428310447629586, 0.005279523454406404, 0.005279523454406404, 0.001047793182134452, 0.0, 0.003347117228909939, 0.0, 0.0, 0.036898000967091005, 0.0, 0.003347117228909939, 0.02302532236998483]"
10,17:50:00,"[0.0, 0.0033116466028528762, 0.0033116466028528762, 0.0, 0.022813106701132464, 0.001036689334388515, 0.0, 0.005317080587520348, 0.0, 0.0028444966214709617, 0.001036689334388515, 0.0, 0.0, 0.0051194538899353255, 0.02100529941405001, 0.001036689334388515, 0.0, 0.005317080587520348, 0.0, 0.22296290198357843, 0.0033116466028528762, 0.0, 0.02100529941405001, 0.001807807287082447, 0.001807807287082447, 0.0, 0.02100529941405001, 0.0, 0.0063537699219088604, 0.0033116466028528762, 0.001036689334388515, 0.0, 0.0, 0.0063537699219088604, 0.001036689334388515, 0.001036689334388515, 0.0, 0.001036689334388515, 0.0, 0.0033116466028528762, 0.001807807287082447, 0.0, 0.0, 0.001036689334388515, 0.001807807287082447, 0.038197172919195714, 0.001807807287082447, 0.001807807287082447, 0.0063537699219088604, 0.02100529941405001, 0.0, 0.0028444966214709617, 0.005317080587520348, 0.0033116466028528762, 0.0063537699219088604, 0.0, 0.005317080587520348, 0.03819717291919571, 0.0033116466028528762, 0.008628727190373223, 0.037160483584807204, 0.008628727190373223, 0.001036689334388515, 0.001036689334388515, 0.0033116466028528762, 0.008628727190373223, 0.0, 0.0, 0.001807807287082447, 0.001807807287082447, 0.0, 0.001807807287082447, 0.14703710421297994, 0.0, 0.0033116466028528762, 0.0, 0.001807807287082447, 0.005317080587520348, 0.0, 0.001036689334388515, 0.005317080587520348, 0.0, 0.0051194538899353255, 0.0051194538899353255, 0.001036689334388515, 0.0, 0.005317080587520348, 0.0, 0.0, 0.0, 0.0, 0.0033116466028528762, 0.037160483584807204, 0.001807807287082447, 0.005317080587520348, 0.0, 0.001036689334388515, 0.022813106701132464, 0.0, 0.0, 0.0, 0.0, 0.037160483584807204, 0.0028444966214709617, 0.005317080587520348, 0.005317080587520348, 0.001036689334388515, 0.0, 0.0033116466028528762, 0.0, 0.0, 0.037160483584807204, 0.0, 0.0033116466028528762, 0.02281310670113246]"
11,17:55:00,"[0.0, 0.003279673836844827, 0.003279673836844827, 0.0, 0.022621818227324786, 0.0010266804688782564, 0.0, 0.005350934104147132, 0.0, 0.002845997950888371, 0.0010266804688782564, 0.0, 0.0, 0.005098991318854945, 0.020802500745314666, 0.0010266804688782564, 0.0, 0.005350934104147132, 0.0, 0.22438249271233537, 0.003279673836844827, 0.0, 0.020802500745314666, 0.001819317482010115, 0.001819317482010115, 0.0, 0.020802500745314666, 0.0, 0.006377614573025389, 0.003279673836844827, 0.0010266804688782564, 0.0, 0.0, 0.006377614573025389, 0.0010266804688782564, 0.0010266804688782564, 0.0, 0.0010266804688782564, 0.0, 0.003279673836844827, 0.001819317482010115, 0.0, 0.0, 0.0010266804688782564, 0.001819317482010115, 0.038423762508528615, 0.001819317482010115, 0.001819317482010115, 0.006377614573025389, 0.020802500745314666, 0.0, 0.002845997950888371, 0.005350934104147132, 0.003279673836844827, 0.006377614573025389, 0.0, 0.005350934104147134, 0.03842376250852863, 0.003279673836844827, 0.008630607940991962, 0.03739708203965036, 0.008630607940991962, 0.0010266804688782564, 0.0010266804688782564, 0.003279673836844827, 0.008630607940991962, 0.0, 0.0, 0.001819317482010115, 0.001819317482010115, 0.0, 0.001819317482010115, 0.1456175134499835, 0.0, 0.003279673836844827, 0.0, 0.001819317482010115, 0.005350934104147132, 0.0, 0.0010266804688782564, 0.005350934104147132, 0.0, 0.005098991318854945, 0.005098991318854945, 0.0010266804688782564, 0.0, 0.005350934104147132, 0.0, 0.0, 0.0, 0.0, 0.003279673836844827, 0.03739708203965036, 0.001819317482010115, 0.005350934104147132, 0.0, 0.0010266804688782564, 0.022621818227324786, 0.0, 0.0, 0.0, 0.0, 0.03739708203965036, 0.002845997950888371, 0.005350934104147132, 0.005350934104147132, 0.0010266804688782564, 0.0, 0.003279673836844827, 0.0, 0.0, 0.03739708203965036, 0.0, 0.003279673836844827, 0.022621818227324786]"
12,18:00:00,"[0.0, 0.003250853996885958, 0.003250853996885958, 0.0, 0.022449393257907825, 0.0010176586062685938, 0.0, 0.005381449228518393, 0.0, 0.002847351229911036, 0.0010176586062685938, 0.0, 0.0, 0.005080546620528404, 0.02061970063426538, 0.0010176586062685938, 0.0, 0.005381449228518393, 0.0, 0.22566209353259511, 0.003250853996885958, 0.0, 0.02061970063426538, 0.0018296926236424438, 0.0018296926236424438, 0.0, 0.02061970063426538, 0.0, 0.006399107834786987, 0.003250853996885958, 0.0010176586062685938, 0.0, 0.0, 0.006399107834786987, 0.0010176586062685938, 0.0010176586062685938, 0.0, 0.0010176586062685938, 0.0, 0.003250853996885958, 0.0018296926236424438, 0.0, 0.0, 0.0010176586062685938, 0.0018296926236424438, 0.03862800744934093, 0.0018296926236424438, 0.0018296926236424438, 0.006399107834786987, 0.02061970063426538, 0.0, 0.002847351229911036, 0.005381449228518393, 0.003250853996885958, 0.006399107834786987, 0.0, 0.005381449228518392, 0.038628007449340925, 0.003250853996885958, 0.008632303225404352, 0.037610348843072336, 0.008632303225404352, 0.0010176586062685938, 0.0010176586062685938, 0.003250853996885958, 0.008632303225404352, 0.0, 0.0, 0.0018296926236424438, 0.0018296926236424438, 0.0, 0.0018296926236424438, 0.14433791259886083, 0.0, 0.003250853996885958, 0.0, 0.0018296926236424438, 0.005381449228518393, 0.0, 0.0010176586062685938, 0.005381449228518393, 0.0, 0.005080546620528404, 0.005080546620528404, 0.0010176586062685938, 0.0, 0.005381449228518393, 0.0, 0.0, 0.0, 0.0, 0.003250853996885958, 0.037610348843072336, 0.0018296926236424438, 0.005381449228518393, 0.0, 0.0010176586062685938, 0.022449393257907825, 0.0, 0.0, 0.0, 0.0, 0.037610348843072336, 0.002847351229911036, 0.005381449228518393, 0.005381449228518393, 0.0010176586062685938, 0.0, 0.003250853996885958, 0.0, 0.0, 0.037610348843072336, 0.0, 0.003250853996885958, 0.02244939325790783]"
13,18:05:00,"[0.0, 0.002212702660235656, 0.002212702660235656, 0.0, 0.016238282705012715, 0.0006926721129131962, 0.0, 0.00648066831821303, 0.0, 0.00289609920349693, 0.0006926721129131962, 0.0, 0.0, 0.004416129750819393, 0.01403485561442898, 0.0006926721129131962, 0.0, 0.00648066831821303, 0.0, 0.27175601180425046, 0.002212702660235656, 0.0, 0.01403485561442898, 0.0022034270905837367, 0.0022034270905837367, 0.0, 0.01403485561442898, 0.0, 0.007173340431126226, 0.002212702660235656, 0.0006926721129131962, 0.0, 0.0, 0.007173340431126226, 0.0006926721129131962, 0.0006926721129131962, 0.0, 0.0006926721129131962, 0.0, 0.002212702660235656, 0.0022034270905837367, 0.0, 0.0, 0.0006926721129131962, 0.0022034270905837367, 0.04598534066956242, 0.0022034270905837367, 0.0022034270905837367, 0.007173340431126226, 0.01403485561442898, 0.0, 0.00289609920349693, 0.00648066831821303, 0.002212702660235656, 0.007173340431126226, 0.0, 0.00648066831821303, 0.045985340669562405, 0.002212702660235656, 0.008693370978448682, 0.04529266855664925, 0.008693370978448682, 0.0006926721129131962, 0.0006926721129131962, 0.002212702660235656, 0.008693370978448682, 0.0, 0.0, 0.0022034270905837367, 0.0022034270905837367, 0.0, 0.0022034270905837367, 0.0982439948023798, 0.0, 0.002212702660235656, 0.0, 0.0022034270905837367, 0.00648066831821303, 0.0, 0.0006926721129131962, 0.00648066831821303, 0.0, 0.004416129750819393, 0.004416129750819393, 0.0006926721129131962, 0.0, 0.00648066831821303, 0.0, 0.0, 0.0, 0.0, 0.002212702660235656, 0.04529266855664925, 0.0022034270905837367, 0.00648066831821303, 0.0, 0.0006926721129131962, 0.016238282705012715, 0.0, 0.0, 0.0, 0.0, 0.04529266855664925, 0.00289609920349693, 0.00648066831821303, 0.00648066831821303, 0.0006926721129131962, 0.0, 0.002212702660235656, 0.0, 0.0, 0.04529266855664925, 0.0, 0.002212702660235656, 0.016238282705012718]"
14,18:10:00,"[0.0, 0.0022890999058428887, 0.0022890999058428887, 0.0, 0.016695356469341966, 0.0007165877715222924, 0.0, 0.006399777117753422, 0.0, 0.0028925118556831606, 0.0007165877715222924, 0.0, 0.0, 0.004465023990003758, 0.014519432385181108, 0.0007165877715222924, 0.0, 0.006399777117753422, 0.0, 0.2683639742952251, 0.0022890999058428887, 0.0, 0.014519432385181108, 0.0021759240841608685, 0.0021759240841608685, 0.0, 0.014519432385181108, 0.0, 0.007116364889275719, 0.0022890999058428887, 0.0007165877715222924, 0.0, 0.0, 0.007116364889275719, 0.0007165877715222924, 0.0007165877715222924, 0.0, 0.0007165877715222924, 0.0, 0.0022890999058428887, 0.0021759240841608685, 0.0, 0.0, 0.0007165877715222924, 0.0021759240841608685, 0.04544391674321372, 0.0021759240841608685, 0.0021759240841608685, 0.007116364889275719, 0.014519432385181108, 0.0, 0.0028925118556831606, 0.006399777117753422, 0.0022890999058428887, 0.007116364889275719, 0.0, 0.006399777117753423, 0.04544391674321375, 0.0022890999058428887, 0.00868887702359631, 0.044727328971691425, 0.00868887702359631, 0.0007165877715222924, 0.0007165877715222924, 0.0022890999058428887, 0.00868887702359631, 0.0, 0.0, 0.0021759240841608685, 0.0021759240841608685, 0.0, 0.0021759240841608685, 0.10163603239321856, 0.0, 0.0022890999058428887, 0.0, 0.0021759240841608685, 0.006399777117753422, 0.0, 0.0007165877715222924, 0.006399777117753422, 0.0, 0.004465023990003758, 0.004465023990003758, 0.0007165877715222924, 0.0, 0.006399777117753422, 0.0, 0.0, 0.0, 0.0, 0.0022890999058428887, 0.044727328971691425, 0.0021759240841608685, 0.006399777117753422, 0.0, 0.0007165877715222924, 0.016695356469341966, 0.0, 0.0, 0.0, 0.0, 0.044727328971691425, 0.0028925118556831606, 0.006399777117753422, 0.006399777117753422, 0.0007165877715222924, 0.0, 0.0022890999058428887, 0.0, 0.0, 0.044727328971691425, 0.0, 0.0022890999058428887, 0.016695356469341966]"
15,18:15:00,"[0.0, 0.0023579634002038256, 0.0023579634002038256, 0.0, 0.017107356880380873, 0.0007381450385242024, 0.0, 0.006326862830302043, 0.0, 0.0028892782665140616, 0.0007381450385242024, 0.0, 0.0, 0.0045090966281936895, 0.014956223652391023, 0.0007381450385242024, 0.0, 0.006326862830302043, 0.0, 0.26530643532221326, 0.0023579634002038256, 0.0, 0.014956223652391023, 0.002151133227989861, 0.002151133227989861, 0.0, 0.014956223652391023, 0.0, 0.007065007868826247, 0.0023579634002038256, 0.0007381450385242024, 0.0, 0.0, 0.007065007868826247, 0.0007381450385242024, 0.0007381450385242024, 0.0, 0.0007381450385242024, 0.0, 0.0023579634002038256, 0.002151133227989861, 0.0, 0.0, 0.0007381450385242024, 0.002151133227989861, 0.04495588418127191, 0.002151133227989861, 0.002151133227989861, 0.007065007868826247, 0.014956223652391023, 0.0, 0.0028892782665140616, 0.006326862830302043, 0.0023579634002038256, 0.007065007868826247, 0.0, 0.006326862830302043, 0.0449558841812719, 0.0023579634002038256, 0.008684826230505871, 0.044217739142747695, 0.008684826230505871, 0.0007381450385242024, 0.0007381450385242024, 0.0023579634002038256, 0.008684826230505871, 0.0, 0.0, 0.002151133227989861, 0.002151133227989861, 0.0, 0.002151133227989861, 0.10469357143997578, 0.0, 0.0023579634002038256, 0.0, 0.002151133227989861, 0.006326862830302043, 0.0, 0.0007381450385242024, 0.006326862830302043, 0.0, 0.0045090966281936895, 0.0045090966281936895, 0.0007381450385242024, 0.0, 0.006326862830302043, 0.0, 0.0, 0.0, 0.0, 0.0023579634002038256, 0.044217739142747695, 0.002151133227989861, 0.006326862830302043, 0.0, 0.0007381450385242024, 0.017107356880380873, 0.0, 0.0, 0.0, 0.0, 0.044217739142747695, 0.0028892782665140616, 0.006326862830302043, 0.006326862830302043, 0.0007381450385242024, 0.0, 0.0023579634002038256, 0.0, 0.0, 0.044217739142747695, 0.0, 0.0023579634002038256, 0.01710735688038087]"
16,18:20:00,"[0.0, 0.0024200360681109773, 0.0024200360681109773, 0.0, 0.017478728750620082, 0.0007575764816714495, 0.0, 0.006261138829615506, 0.0, 0.002886363550836269, 0.0007575764816714495, 0.0, 0.0, 0.0045488231372758006, 0.015349941681455268, 0.0007575764816714495, 0.0, 0.006261138829615506, 0.0, 0.2625504090263332, 0.0024200360681109773, 0.0, 0.015349941681455268, 0.0021287870691648184, 0.0021287870691648184, 0.0, 0.015349941681455268, 0.0, 0.007018715311286958, 0.0024200360681109773, 0.0007575764816714495, 0.0, 0.0, 0.007018715311286958, 0.0007575764816714495, 0.0007575764816714495, 0.0, 0.0007575764816714495, 0.0, 0.0024200360681109773, 0.0021287870691648184, 0.0, 0.0, 0.0007575764816714495, 0.0021287870691648184, 0.044515977908341414, 0.0021287870691648184, 0.0021287870691648184, 0.007018715311286958, 0.015349941681455268, 0.0, 0.002886363550836269, 0.006261138829615506, 0.0024200360681109773, 0.007018715311286958, 0.0, 0.006261138829615503, 0.04451597790834143, 0.0024200360681109773, 0.00868117489772648, 0.04375840142667, 0.00868117489772648, 0.0007575764816714495, 0.0007575764816714495, 0.0024200360681109773, 0.00868117489772648, 0.0, 0.0, 0.0021287870691648184, 0.0021287870691648184, 0.0, 0.0021287870691648184, 0.10744959780232904, 0.0, 0.0024200360681109773, 0.0, 0.0021287870691648184, 0.006261138829615506, 0.0, 0.0007575764816714495, 0.006261138829615506, 0.0, 0.0045488231372758006, 0.0045488231372758006, 0.0007575764816714495, 0.0, 0.006261138829615506, 0.0, 0.0, 0.0, 0.0, 0.0024200360681109773, 0.04375840142667, 0.0021287870691648184, 0.006261138829615506, 0.0, 0.0007575764816714495, 0.017478728750620082, 0.0, 0.0, 0.0, 0.0, 0.04375840142667, 0.002886363550836269, 0.006261138829615506, 0.006261138829615506, 0.0007575764816714495, 0.0, 0.0024200360681109773, 0.0, 0.0, 0.04375840142667, 0.0, 0.0024200360681109773, 0.017478728750620093]"
17,18:25:00,"[0.0, 0.0033565186199958665, 0.0033565186199958665, 0.0, 0.023081569544597225, 0.0010507362261915317, 0.0, 0.005269569040410373, 0.0, 0.0028423895882746988, 0.0010507362261915317, 0.0, 0.0, 0.005148171982079038, 0.021289916182514045, 0.0010507362261915317, 0.0, 0.005269569040410373, 0.0, 0.22097058453751273, 0.0033565186199958665, 0.0, 0.021289916182514045, 0.001791653362083167, 0.001791653362083167, 0.0, 0.021289916182514045, 0.0, 0.0063203052666019055, 0.0033565186199958665, 0.0010507362261915317, 0.0, 0.0, 0.0063203052666019055, 0.0010507362261915317, 0.0010507362261915317, 0.0, 0.0010507362261915317, 0.0, 0.0033565186199958665, 0.001791653362083167, 0.0, 0.0, 0.0010507362261915317, 0.001791653362083167, 0.037879166903250466, 0.001791653362083167, 0.001791653362083167, 0.0063203052666019055, 0.021289916182514045, 0.0, 0.0028423895882746988, 0.005269569040410373, 0.0033565186199958665, 0.0063203052666019055, 0.0, 0.005269569040410375, 0.037879166903250466, 0.0033565186199958665, 0.008626087660406238, 0.036828430677058946, 0.008626087660406238, 0.0010507362261915317, 0.0010507362261915317, 0.0033565186199958665, 0.008626087660406238, 0.0, 0.0, 0.001791653362083167, 0.001791653362083167, 0.0, 0.001791653362083167, 0.1490294217070988, 0.0, 0.0033565186199958665, 0.0, 0.001791653362083167, 0.005269569040410373, 0.0, 0.0010507362261915317, 0.005269569040410373, 0.0, 0.005148171982079038, 0.005148171982079038, 0.0010507362261915317, 0.0, 0.005269569040410373, 0.0, 0.0, 0.0, 0.0, 0.0033565186199958665, 0.036828430677058946, 0.001791653362083167, 0.005269569040410373, 0.0, 0.0010507362261915317, 0.023081569544597225, 0.0, 0.0, 0.0, 0.0, 0.036828430677058946, 0.0028423895882746988, 0.005269569040410373, 0.005269569040410373, 0.0010507362261915317, 0.0, 0.0033565186199958665, 0.0, 0.0, 0.036828430677058946, 0.0, 0.0033565186199958665, 0.023081569544597225]"
18,18:30:00,"[0.0, 0.003320120895831436, 0.003320120895831436, 0.0, 0.022863807180723734, 0.0010393421564401193, 0.0, 0.0053081078068051065, 0.0, 0.0028440986982716586, 0.0010393421564401193, 0.0, 0.0, 0.005124877437662979, 0.021059050638892192, 0.0010393421564401193, 0.0, 0.0053081078068051065, 0.0, 0.2225866433970643, 0.003320120895831436, 0.0, 0.021059050638892192, 0.00180475654183154, 0.00180475654183154, 0.0, 0.021059050638892192, 0.0, 0.0063474499632452264, 0.003320120895831436, 0.0010393421564401193, 0.0, 0.0, 0.0063474499632452264, 0.0010393421564401193, 0.0010393421564401193, 0.0, 0.0010393421564401193, 0.0, 0.003320120895831436, 0.00180475654183154, 0.0, 0.0, 0.0010393421564401193, 0.00180475654183154, 0.03813711597681495, 0.00180475654183154, 0.00180475654183154, 0.0063474499632452264, 0.021059050638892192, 0.0, 0.0028440986982716586, 0.0053081078068051065, 0.003320120895831436, 0.0063474499632452264, 0.0, 0.0053081078068051065, 0.03813711597681496, 0.003320120895831436, 0.008628228702636544, 0.037097773820374866, 0.008628228702636544, 0.0010393421564401193, 0.0010393421564401193, 0.003320120895831436, 0.008628228702636544, 0.0, 0.0, 0.00180475654183154, 0.00180475654183154, 0.0, 0.00180475654183154, 0.14741336280856898, 0.0, 0.003320120895831436, 0.0, 0.00180475654183154, 0.0053081078068051065, 0.0, 0.0010393421564401193, 0.0053081078068051065, 0.0, 0.005124877437662979, 0.005124877437662979, 0.0010393421564401193, 0.0, 0.0053081078068051065, 0.0, 0.0, 0.0, 0.0, 0.003320120895831436, 0.037097773820374866, 0.00180475654183154, 0.0053081078068051065, 0.0, 0.0010393421564401193, 0.022863807180723734, 0.0, 0.0, 0.0, 0.0, 0.037097773820374866, 0.0028440986982716586, 0.0053081078068051065, 0.0053081078068051065, 0.0010393421564401193, 0.0, 0.003320120895831436, 0.0, 0.0, 0.037097773820374866, 0.0, 0.003320120895831436, 0.02286380718072374]"
19,18:35:00,"[0.0, 0.0032873124555162685, 0.0032873124555162685, 0.0, 0.022667518987380723, 0.0010290716885477504, 0.0, 0.005342846155042753, 0.0, 0.0028456392680356905, 0.0010290716885477504, 0.0, 0.0, 0.005103880035004211, 0.020850951407892775, 0.0010290716885477504, 0.0, 0.005342846155042753, 0.0, 0.22404333806291404, 0.0032873124555162685, 0.0, 0.020850951407892775, 0.0018165675794879408, 0.0018165675794879408, 0.0, 0.020850951407892775, 0.0, 0.0063719178435905025, 0.0032873124555162685, 0.0010290716885477504, 0.0, 0.0, 0.0063719178435905025, 0.0010290716885477504, 0.0010290716885477504, 0.0, 0.0010290716885477504, 0.0, 0.0032873124555162685, 0.0018165675794879408, 0.0, 0.0, 0.0010290716885477504, 0.0018165675794879408, 0.038369627953282526, 0.0018165675794879408, 0.0018165675794879408, 0.0063719178435905025, 0.020850951407892775, 0.0, 0.0028456392680356905, 0.005342846155042753, 0.0032873124555162685, 0.0063719178435905025, 0.0, 0.005342846155042751, 0.038369627953282526, 0.0032873124555162685, 0.008630158610559019, 0.03734055626473479, 0.008630158610559019, 0.0010290716885477504, 0.0010290716885477504, 0.0032873124555162685, 0.008630158610559019, 0.0, 0.0, 0.0018165675794879408, 0.0018165675794879408, 0.0, 0.0018165675794879408, 0.14595666810758484, 0.0, 0.0032873124555162685, 0.0, 0.0018165675794879408, 0.005342846155042753, 0.0, 0.0010290716885477504, 0.005342846155042753, 0.0, 0.005103880035004211, 0.005103880035004211, 0.0010290716885477504, 0.0, 0.005342846155042753, 0.0, 0.0, 0.0, 0.0, 0.0032873124555162685, 0.03734055626473479, 0.0018165675794879408, 0.005342846155042753, 0.0, 0.0010290716885477504, 0.022667518987380723, 0.0, 0.0, 0.0, 0.0, 0.03734055626473479, 0.0028456392680356905, 0.005342846155042753, 0.005342846155042753, 0.0010290716885477504, 0.0, 0.0032873124555162685, 0.0, 0.0, 0.03734055626473479, 0.0, 0.0032873124555162685, 0.02266751898738072]"
20,18:40:00,"[0.0, 0.00325773934948768, 0.00325773934948768, 0.0, 0.02249058733509463, 0.0010198140209162967, 0.0, 0.005374158855244934, 0.0, 0.002847027917801986, 0.0010198140209162967, 0.0, 0.0, 0.00508495324637337, 0.02066337343820892, 0.0010198140209162967, 0.0, 0.005374158855244934, 0.0, 0.2253563838947374, 0.00325773934948768, 0.0, 0.02066337343820892, 0.0018272138968856901, 0.0018272138968856901, 0.0, 0.02066337343820892, 0.0, 0.006393972876161228, 0.00325773934948768, 0.0010198140209162967, 0.0, 0.0, 0.006393972876161228, 0.0010198140209162967, 0.0010198140209162967, 0.0, 0.0010198140209162967, 0.0, 0.00325773934948768, 0.0018272138968856901, 0.0, 0.0, 0.0010198140209162967, 0.0018272138968856901, 0.03857921125766818, 0.0018272138968856901, 0.0018272138968856901, 0.006393972876161228, 0.02066337343820892, 0.0, 0.002847027917801986, 0.005374158855244934, 0.00325773934948768, 0.006393972876161228, 0.0, 0.0053741588552449334, 0.038579211257668194, 0.00325773934948768, 0.008631898204732612, 0.037559397236751904, 0.008631898204732612, 0.0010198140209162967, 0.0010198140209162967, 0.00325773934948768, 0.008631898204732612, 0.0, 0.0, 0.0018272138968856901, 0.0018272138968856901, 0.0, 0.0018272138968856901, 0.14464362224409189, 0.0, 0.00325773934948768, 0.0, 0.0018272138968856901, 0.005374158855244934, 0.0, 0.0010198140209162967, 0.005374158855244934, 0.0, 0.00508495324637337, 0.00508495324637337, 0.0010198140209162967, 0.0, 0.005374158855244934, 0.0, 0.0, 0.0, 0.0, 0.00325773934948768, 0.037559397236751904, 0.0018272138968856901, 0.005374158855244934, 0.0, 0.0010198140209162967, 0.02249058733509463, 0.0, 0.0, 0.0, 0.0, 0.037559397236751904, 0.002847027917801986, 0.005374158855244934, 0.005374158855244934, 0.0010198140209162967, 0.0, 0.00325773934948768, 0.0, 0.0, 0.037559397236751904, 0.0, 0.00325773934948768, 0.022490587335094632]"
21,18:45:00,"[0.0, 0.003231082532163335, 0.003231082532163335, 0.0, 0.022331103419900678, 0.001011469278410636, 0.0, 0.005402383720377957, 0.0, 0.002848279628836729, 0.001011469278410636, 0.0, 0.0, 0.005067892882589433, 0.02049429306947457, 0.001011469278410636, 0.0, 0.005402383720377957, 0.0, 0.2265399465155716, 0.003231082532163335, 0.0, 0.02049429306947457, 0.001836810350426094, 0.001836810350426094, 0.0, 0.02049429306947457, 0.0, 0.006413852998788593, 0.003231082532163335, 0.001011469278410636, 0.0, 0.0, 0.006413852998788593, 0.001011469278410636, 0.001011469278410636, 0.0, 0.001011469278410636, 0.0, 0.003231082532163335, 0.001836810350426094, 0.0, 0.0, 0.001011469278410636, 0.001836810350426094, 0.03876812695201019, 0.001836810350426094, 0.001836810350426094, 0.006413852998788593, 0.02049429306947457, 0.0, 0.002848279628836729, 0.005402383720377957, 0.003231082532163335, 0.006413852998788593, 0.0, 0.005402383720377955, 0.03876812695201019, 0.003231082532163335, 0.008633466252541288, 0.03775665767359957, 0.008633466252541288, 0.001011469278410636, 0.001011469278410636, 0.003231082532163335, 0.008633466252541288, 0.0, 0.0, 0.001836810350426094, 0.001836810350426094, 0.0, 0.001836810350426094, 0.143460059594711, 0.0, 0.003231082532163335, 0.0, 0.001836810350426094, 0.005402383720377957, 0.0, 0.001011469278410636, 0.005402383720377957, 0.0, 0.005067892882589433, 0.005067892882589433, 0.001011469278410636, 0.0, 0.005402383720377957, 0.0, 0.0, 0.0, 0.0, 0.003231082532163335, 0.03775665767359957, 0.001836810350426094, 0.005402383720377957, 0.0, 0.001011469278410636, 0.022331103419900678, 0.0, 0.0, 0.0, 0.0, 0.03775665767359957, 0.002848279628836729, 0.005402383720377957, 0.005402383720377957, 0.001011469278410636, 0.0, 0.003231082532163335, 0.0, 0.0, 0.03775665767359957, 0.0, 0.003231082532163335, 0.022331103419900675]"
22,18:50:00,"[0.0, 0.003207054419959749, 0.003207054419959749, 0.0, 0.022187346670461273, 0.001003947434868836, 0.0, 0.005427825250703782, 0.0, 0.0028494079050605304, 0.001003947434868836, 0.0, 0.0, 0.005052514890151447, 0.02034188620026957, 0.001003947434868836, 0.0, 0.005427825250703782, 0.0, 0.2276067946357861, 0.003207054419959749, 0.0, 0.02034188620026957, 0.0018454604701916954, 0.0018454604701916954, 0.0, 0.02034188620026957, 0.0, 0.006431772685572619, 0.003207054419959749, 0.001003947434868836, 0.0, 0.0, 0.006431772685572619, 0.001003947434868836, 0.001003947434868836, 0.0, 0.001003947434868836, 0.0, 0.003207054419959749, 0.0018454604701916954, 0.0, 0.0, 0.001003947434868836, 0.0018454604701916954, 0.03893841312854195, 0.0018454604701916954, 0.0018454604701916954, 0.006431772685572619, 0.02034188620026957, 0.0, 0.0028494079050605304, 0.005427825250703782, 0.003207054419959749, 0.006431772685572619, 0.0, 0.005427825250703779, 0.038938413128541974, 0.003207054419959749, 0.00863487967066353, 0.03793446569367313, 0.00863487967066353, 0.001003947434868836, 0.001003947434868836, 0.003207054419959749, 0.00863487967066353, 0.0, 0.0, 0.0018454604701916954, 0.0018454604701916954, 0.0, 0.0018454604701916954, 0.142393211448765, 0.0, 0.003207054419959749, 0.0, 0.0018454604701916954, 0.005427825250703782, 0.0, 0.001003947434868836, 0.005427825250703782, 0.0, 0.005052514890151447, 0.005052514890151447, 0.001003947434868836, 0.0, 0.005427825250703782, 0.0, 0.0, 0.0, 0.0, 0.003207054419959749, 0.03793446569367313, 0.0018454604701916954, 0.005427825250703782, 0.0, 0.001003947434868836, 0.022187346670461273, 0.0, 0.0, 0.0, 0.0, 0.03793446569367313, 0.0028494079050605304, 0.005427825250703782, 0.005427825250703782, 0.001003947434868836, 0.0, 0.003207054419959749, 0.0, 0.0, 0.03793446569367313, 0.0, 0.003207054419959749, 0.02218734667046127]"
23,18:55:00,"[0.0, 0.002713101383302428, 0.002713101383302428, 0.0, 0.019232096502875995, 0.0008493186639003648, 0.0, 0.005950834381196174, 0.0, 0.0028726022272520446, 0.0008493186639003648, 0.0, 0.0, 0.004736384946654111, 0.01720881293952431, 0.0008493186639003648, 0.0, 0.005950834381196174, 0.0, 0.24953830978345604, 0.002713101383302428, 0.0, 0.01720881293952431, 0.00202328356335168, 0.00202328356335168, 0.0, 0.01720881293952431, 0.0, 0.006800153045096541, 0.002713101383302428, 0.0008493186639003648, 0.0, 0.0, 0.006800153045096541, 0.0008493186639003648, 0.0008493186639003648, 0.0, 0.0008493186639003648, 0.0, 0.002713101383302428, 0.00202328356335168, 0.0, 0.0, 0.0008493186639003648, 0.00202328356335168, 0.042439036882962765, 0.00202328356335168, 0.00202328356335168, 0.006800153045096541, 0.01720881293952431, 0.0, 0.0028726022272520446, 0.005950834381196174, 0.002713101383302428, 0.006800153045096541, 0.0, 0.005950834381196174, 0.04243903688296276, 0.002713101383302428, 0.008663935764498594, 0.041589718219062426, 0.008663935764498594, 0.0008493186639003648, 0.0008493186639003648, 0.002713101383302428, 0.008663935764498594, 0.0, 0.0, 0.00202328356335168, 0.00202328356335168, 0.0, 0.00202328356335168, 0.12046169735904795, 0.0, 0.002713101383302428, 0.0, 0.00202328356335168, 0.005950834381196174, 0.0, 0.0008493186639003648, 0.005950834381196174, 0.0, 0.004736384946654111, 0.004736384946654111, 0.0008493186639003648, 0.0, 0.005950834381196174, 0.0, 0.0, 0.0, 0.0, 0.002713101383302428, 0.041589718219062426, 0.00202328356335168, 0.005950834381196174, 0.0, 0.0008493186639003648, 0.019232096502875995, 0.0, 0.0, 0.0, 0.0, 0.041589718219062426, 0.0028726022272520446, 0.005950834381196174, 0.005950834381196174, 0.0008493186639003648, 0.0, 0.002713101383302428, 0.0, 0.0, 0.041589718219062426, 0.0, 0.002713101383302428, 0.019232096502875988]"
24,19:00:00,"[0.0, 0.0027401528773241877, 0.0027401528773241877, 0.0, 0.019393941712149938, 0.000857786957367599, 0.0, 0.005922191623093411, 0.0, 0.0028713319835781156, 0.000857786957367599, 0.0, 0.0, 0.004753697903534711, 0.01738039668593943, 0.000857786957367599, 0.0, 0.005922191623093411, 0.0, 0.2483372235182689, 0.0027401528773241877, 0.0, 0.01738039668593943, 0.0020135450262105167, 0.0020135450262105167, 0.0, 0.01738039668593943, 0.0, 0.006779978580461007, 0.0027401528773241877, 0.000857786957367599, 0.0, 0.0, 0.006779978580461007, 0.000857786957367599, 0.000857786957367599, 0.0, 0.000857786957367599, 0.0, 0.0027401528773241877, 0.0020135450262105167, 0.0, 0.0, 0.000857786957367599, 0.0020135450262105167, 0.04224732413218957, 0.0020135450262105167, 0.0020135450262105167, 0.006779978580461007, 0.01738039668593943, 0.0, 0.0028713319835781156, 0.005922191623093411, 0.0027401528773241877, 0.006779978580461007, 0.0, 0.005922191623093405, 0.04224732413218959, 0.0027401528773241877, 0.008662344500417593, 0.04138953717482199, 0.008662344500417593, 0.000857786957367599, 0.000857786957367599, 0.0027401528773241877, 0.008662344500417593, 0.0, 0.0, 0.0020135450262105167, 0.0020135450262105167, 0.0, 0.0020135450262105167, 0.12166278365320445, 0.0, 0.0027401528773241877, 0.0, 0.0020135450262105167, 0.005922191623093411, 0.0, 0.000857786957367599, 0.005922191623093411, 0.0, 0.004753697903534711, 0.004753697903534711, 0.000857786957367599, 0.0, 0.005922191623093411, 0.0, 0.0, 0.0, 0.0, 0.0027401528773241877, 0.04138953717482199, 0.0020135450262105167, 0.005922191623093411, 0.0, 0.000857786957367599, 0.019393941712149938, 0.0, 0.0, 0.0, 0.0, 0.04138953717482199, 0.0028713319835781156, 0.005922191623093411, 0.005922191623093411, 0.000857786957367599, 0.0, 0.0027401528773241877, 0.0, 0.0, 0.04138953717482199, 0.0, 0.0027401528773241877, 0.019393941712149938]"
25,19:05:00,"[0.0, 0.0027645367460254165, 0.0027645367460254165, 0.0, 0.01953982690169564, 0.0008654201681567111, 0.0, 0.005896373409420728, 0.0, 0.00287018700227177, 0.0008654201681567111, 0.0, 0.0, 0.004769303580140476, 0.017535060067580585, 0.0008654201681567111, 0.0, 0.005896373409420728, 0.0, 0.24725457981047158, 0.0027645367460254165, 0.0, 0.017535060067580585, 0.0020047668341150585, 0.0020047668341150585, 0.0, 0.017535060067580585, 0.0, 0.006761793577577439, 0.0027645367460254165, 0.0008654201681567111, 0.0, 0.0, 0.006761793577577439, 0.0008654201681567111, 0.0008654201681567111, 0.0, 0.0008654201681567111, 0.0, 0.0027645367460254165, 0.0020047668341150585, 0.0, 0.0, 0.0008654201681567111, 0.0020047668341150585, 0.042074516724974045, 0.0020047668341150585, 0.0020047668341150585, 0.006761793577577439, 0.017535060067580585, 0.0, 0.00287018700227177, 0.005896373409420728, 0.0027645367460254165, 0.006761793577577439, 0.0, 0.005896373409420729, 0.04207451672497405, 0.0027645367460254165, 0.008660910155446141, 0.041209096556817384, 0.008660910155446141, 0.0008654201681567111, 0.0008654201681567111, 0.0027645367460254165, 0.008660910155446141, 0.0, 0.0, 0.0020047668341150585, 0.0020047668341150585, 0.0, 0.0020047668341150585, 0.12274542738711443, 0.0, 0.0027645367460254165, 0.0, 0.0020047668341150585, 0.005896373409420728, 0.0, 0.0008654201681567111, 0.005896373409420728, 0.0, 0.004769303580140476, 0.004769303580140476, 0.0008654201681567111, 0.0, 0.005896373409420728, 0.0, 0.0, 0.0, 0.0, 0.0027645367460254165, 0.041209096556817384, 0.0020047668341150585, 0.005896373409420728, 0.0, 0.0008654201681567111, 0.01953982690169564, 0.0, 0.0, 0.0, 0.0, 0.041209096556817384, 0.00287018700227177, 0.005896373409420728, 0.005896373409420728, 0.0008654201681567111, 0.0, 0.0027645367460254165, 0.0, 0.0, 0.041209096556817384, 0.0, 0.0027645367460254165, 0.019539826901695645]"
26,19:10:00,"[0.0, 0.003222103122873727, 0.003222103122873727, 0.0, 0.022277380901859177, 0.0010086583329979477, 0.0, 0.00541189133012332, 0.0, 0.0028487012705337295, 0.0010086583329979477, 0.0, 0.0, 0.00506214606040951, 0.02043733796432339, 0.0010086583329979477, 0.0, 0.00541189133012332, 0.0, 0.22693863226500066, 0.003222103122873727, 0.0, 0.02043733796432339, 0.0018400429375357826, 0.0018400429375357826, 0.0, 0.02043733796432339, 0.0, 0.006420549663121271, 0.003222103122873727, 0.0010086583329979477, 0.0, 0.0, 0.006420549663121271, 0.0010086583329979477, 0.0010086583329979477, 0.0, 0.0010086583329979477, 0.0, 0.003222103122873727, 0.0018400429375357826, 0.0, 0.0, 0.0010086583329979477, 0.0018400429375357826, 0.0388317636315165, 0.0018400429375357826, 0.0018400429375357826, 0.006420549663121271, 0.02043733796432339, 0.0, 0.0028487012705337295, 0.00541189133012332, 0.003222103122873727, 0.006420549663121271, 0.0, 0.005411891330123318, 0.03883176363151652, 0.003222103122873727, 0.008633994452997045, 0.03782310529851857, 0.008633994452997045, 0.0010086583329979477, 0.0010086583329979477, 0.003222103122873727, 0.008633994452997045, 0.0, 0.0, 0.0018400429375357826, 0.0018400429375357826, 0.0, 0.0018400429375357826, 0.14306137383566578, 0.0, 0.003222103122873727, 0.0, 0.0018400429375357826, 0.00541189133012332, 0.0, 0.0010086583329979477, 0.00541189133012332, 0.0, 0.00506214606040951, 0.00506214606040951, 0.0010086583329979477, 0.0, 0.00541189133012332, 0.0, 0.0, 0.0, 0.0, 0.003222103122873727, 0.03782310529851857, 0.0018400429375357826, 0.00541189133012332, 0.0, 0.0010086583329979477, 0.022277380901859177, 0.0, 0.0, 0.0, 0.0, 0.03782310529851857, 0.0028487012705337295, 0.00541189133012332, 0.00541189133012332, 0.0010086583329979477, 0.0, 0.003222103122873727, 0.0, 0.0, 0.03782310529851857, 0.0, 0.003222103122873727, 0.022277380901859177]"
27,19:15:00,"[0.0, 0.0028063279148510846, 0.0028063279148510846, 0.0, 0.01978985747150272, 0.0008785026205221816, 0.0, 0.005852123936968565, 0.0, 0.0028682246349517166, 0.0008785026205221816, 0.0, 0.0, 0.004796049929280622, 0.01780013545707318, 0.0008785026205221816, 0.0, 0.005852123936968565, 0.0, 0.24539905202179343, 0.0028063279148510846, 0.0, 0.01780013545707318, 0.0019897220144295346, 0.0019897220144295346, 0.0, 0.01780013545707318, 0.0, 0.006730626557490749, 0.0028063279148510846, 0.0008785026205221816, 0.0, 0.0, 0.006730626557490749, 0.0008785026205221816, 0.0008785026205221816, 0.0, 0.0008785026205221816, 0.0, 0.0028063279148510846, 0.0019897220144295346, 0.0, 0.0, 0.0008785026205221816, 0.0019897220144295346, 0.04177834454582738, 0.0019897220144295346, 0.0019897220144295346, 0.006730626557490749, 0.01780013545707318, 0.0, 0.0028682246349517166, 0.005852123936968565, 0.0028063279148510846, 0.006730626557490749, 0.0, 0.005852123936968562, 0.04177834454582738, 0.0028063279148510846, 0.00865845185181965, 0.0408998419253052, 0.00865845185181965, 0.0008785026205221816, 0.0008785026205221816, 0.0028063279148510846, 0.00865845185181965, 0.0, 0.0, 0.0019897220144295346, 0.0019897220144295346, 0.0, 0.0019897220144295346, 0.12460095522054632, 0.0, 0.0028063279148510846, 0.0, 0.0019897220144295346, 0.005852123936968565, 0.0, 0.0008785026205221816, 0.005852123936968565, 0.0, 0.004796049929280622, 0.004796049929280622, 0.0008785026205221816, 0.0, 0.005852123936968565, 0.0, 0.0, 0.0, 0.0, 0.0028063279148510846, 0.0408998419253052, 0.0019897220144295346, 0.005852123936968565, 0.0, 0.0008785026205221816, 0.01978985747150272, 0.0, 0.0, 0.0, 0.0, 0.0408998419253052, 0.0028682246349517166, 0.005852123936968565, 0.005852123936968565, 0.0008785026205221816, 0.0, 0.0028063279148510846, 0.0, 0.0, 0.0408998419253052, 0.0, 0.0028063279148510846, 0.01978985747150272]"
28,19:20:00,"[0.0, 0.002824186073528616, 0.002824186073528616, 0.0, 0.01989670027382957, 0.0008840930004229793, 0.0, 0.005833215298549188, 0.0, 0.0028673860781951123, 0.0008840930004229793, 0.0, 0.0, 0.0048074791513007566, 0.017913407196057426, 0.0008840930004229793, 0.0, 0.005833215298549188, 0.0, 0.24460614982231169, 0.002824186073528616, 0.0, 0.017913407196057426, 0.0019832930777721335, 0.0019832930777721335, 0.0, 0.017913407196057426, 0.0, 0.006717308298972165, 0.002824186073528616, 0.0008840930004229793, 0.0, 0.0, 0.006717308298972165, 0.0008840930004229793, 0.0008840930004229793, 0.0, 0.0008840930004229793, 0.0, 0.002824186073528616, 0.0019832930777721335, 0.0, 0.0, 0.0008840930004229793, 0.0019832930777721335, 0.041651784559119796, 0.0019832930777721335, 0.0019832930777721335, 0.006717308298972165, 0.017913407196057426, 0.0, 0.0028673860781951123, 0.005833215298549188, 0.002824186073528616, 0.006717308298972165, 0.0, 0.005833215298549187, 0.04165178455911978, 0.002824186073528616, 0.008657401372077798, 0.04076769155869683, 0.008657401372077798, 0.0008840930004229793, 0.0008840930004229793, 0.002824186073528616, 0.008657401372077798, 0.0, 0.0, 0.0019832930777721335, 0.0019832930777721335, 0.0, 0.0019832930777721335, 0.12539385743915218, 0.0, 0.002824186073528616, 0.0, 0.0019832930777721335, 0.005833215298549188, 0.0, 0.0008840930004229793, 0.005833215298549188, 0.0, 0.0048074791513007566, 0.0048074791513007566, 0.0008840930004229793, 0.0, 0.005833215298549188, 0.0, 0.0, 0.0, 0.0, 0.002824186073528616, 0.04076769155869683, 0.0019832930777721335, 0.005833215298549188, 0.0, 0.0008840930004229793, 0.01989670027382957, 0.0, 0.0, 0.0, 0.0, 0.04076769155869683, 0.0028673860781951123, 0.005833215298549188, 0.005833215298549188, 0.0008840930004229793, 0.0, 0.002824186073528616, 0.0, 0.0, 0.04076769155869683, 0.0, 0.002824186073528616, 0.019896700273829577]"
29,19:25:00,"[0.0, 0.002840283188020275, 0.002840283188020275, 0.0, 0.019993007001343897, 0.0008891320969468675, 0.0, 0.005816171295132359, 0.0, 0.0028666302139225106, 0.0008891320969468675, 0.0, 0.0, 0.004817781304995923, 0.01801550888436826, 0.0008891320969468675, 0.0, 0.005816171295132359, 0.0, 0.2438914379801663, 0.002840283188020275, 0.0, 0.01801550888436826, 0.0019774981169756426, 0.0019774981169756426, 0.0, 0.01801550888436826, 0.0, 0.006705303392079224, 0.002840283188020275, 0.0008891320969468675, 0.0, 0.0, 0.006705303392079224, 0.0008891320969468675, 0.0008891320969468675, 0.0, 0.0008891320969468675, 0.0, 0.002840283188020275, 0.0019774981169756426, 0.0, 0.0, 0.0008891320969468675, 0.0019774981169756426, 0.041537705015260766, 0.0019774981169756426, 0.0019774981169756426, 0.006705303392079224, 0.01801550888436826, 0.0, 0.0028666302139225106, 0.005816171295132359, 0.002840283188020275, 0.006705303392079224, 0.0, 0.005816171295132358, 0.04153770501526076, 0.002840283188020275, 0.008656454483152632, 0.04064857291831391, 0.008656454483152632, 0.0008891320969468675, 0.0008891320969468675, 0.002840283188020275, 0.008656454483152632, 0.0, 0.0, 0.0019774981169756426, 0.0019774981169756426, 0.0, 0.0019774981169756426, 0.12610856929853592, 0.0, 0.002840283188020275, 0.0, 0.0019774981169756426, 0.005816171295132359, 0.0, 0.0008891320969468675, 0.005816171295132359, 0.0, 0.004817781304995923, 0.004817781304995923, 0.0008891320969468675, 0.0, 0.005816171295132359, 0.0, 0.0, 0.0, 0.0, 0.002840283188020275, 0.04064857291831391, 0.0019774981169756426, 0.005816171295132359, 0.0, 0.0008891320969468675, 0.019993007001343897, 0.0, 0.0, 0.0, 0.0, 0.04064857291831391, 0.0028666302139225106, 0.005816171295132359, 0.005816171295132359, 0.0008891320969468675, 0.0, 0.002840283188020275, 0.0, 0.0, 0.04064857291831391, 0.0, 0.002840283188020275, 0.019993007001343894]"
30,19:30:00,"[0.0, 0.0028547929199381327, 0.0028547929199381327, 0.0, 0.020079816646565923, 0.0008936742737269185, 0.0, 0.005800808049718815, 0.0, 0.0028659488875911725, 0.0008936742737269185, 0.0, 0.0, 0.004827067533802393, 0.01810754203270167, 0.0008936742737269185, 0.0, 0.005800808049718815, 0.0, 0.2432472059202264, 0.0028547929199381327, 0.0, 0.01810754203270167, 0.0019722746138642546, 0.0019722746138642546, 0.0, 0.01810754203270167, 0.0, 0.006694482323445738, 0.0028547929199381327, 0.0008936742737269185, 0.0, 0.0, 0.006694482323445738, 0.0008936742737269185, 0.0008936742737269185, 0.0, 0.0008936742737269185, 0.0, 0.0028547929199381327, 0.0019722746138642546, 0.0, 0.0, 0.0008936742737269185, 0.0019722746138642546, 0.04143487518202799, 0.0019722746138642546, 0.0019722746138642546, 0.006694482323445738, 0.01810754203270167, 0.0, 0.0028659488875911725, 0.005800808049718815, 0.0028547929199381327, 0.006694482323445738, 0.0, 0.005800808049718817, 0.04143487518202801, 0.0028547929199381327, 0.00865560096965695, 0.04054120090830108, 0.00865560096965695, 0.0008936742737269185, 0.0008936742737269185, 0.0028547929199381327, 0.00865560096965695, 0.0, 0.0, 0.0019722746138642546, 0.0019722746138642546, 0.0, 0.0019722746138642546, 0.12675280137401418, 0.0, 0.0028547929199381327, 0.0, 0.0019722746138642546, 0.005800808049718815, 0.0, 0.0008936742737269185, 0.005800808049718815, 0.0, 0.004827067533802393, 0.004827067533802393, 0.0008936742737269185, 0.0, 0.005800808049718815, 0.0, 0.0, 0.0, 0.0, 0.0028547929199381327, 0.04054120090830108, 0.0019722746138642546, 0.005800808049718815, 0.0, 0.0008936742737269185, 0.020079816646565923, 0.0, 0.0, 0.0, 0.0, 0.04054120090830108, 0.0028659488875911725, 0.005800808049718815, 0.005800808049718815, 0.0008936742737269185, 0.0, 0.0028547929199381327, 0.0, 0.0, 0.04054120090830108, 0.0, 0.0028547929199381327, 0.020079816646565923]"
31,19:35:00,"[0.0, 0.0028678718056252056, 0.0028678718056252056, 0.0, 0.020158065743986993, 0.0008977685334426081, 0.0, 0.005786959817946949, 0.0, 0.0028653347488011797, 0.0008977685334426081, 0.0, 0.0, 0.004835438020983778, 0.018190499528628414, 0.0008977685334426081, 0.0, 0.005786959817946949, 0.0, 0.24266650342926385, 0.0028678718056252056, 0.0, 0.018190499528628414, 0.001967566215358569, 0.001967566215358569, 0.0, 0.018190499528628414, 0.0, 0.006684728351389559, 0.0028678718056252056, 0.0008977685334426081, 0.0, 0.0, 0.006684728351389559, 0.0008977685334426081, 0.0008977685334426081, 0.0, 0.0008977685334426081, 0.0, 0.0028678718056252056, 0.001967566215358569, 0.0, 0.0, 0.0008977685334426081, 0.001967566215358569, 0.041342185693229304, 0.001967566215358569, 0.001967566215358569, 0.006684728351389559, 0.018190499528628414, 0.0, 0.0028653347488011797, 0.005786959817946949, 0.0028678718056252056, 0.006684728351389559, 0.0, 0.005786959817946948, 0.04134218569322934, 0.0028678718056252056, 0.008654831623572152, 0.04044441715978674, 0.008654831623572152, 0.0008977685334426081, 0.0008977685334426081, 0.0028678718056252056, 0.008654831623572152, 0.0, 0.0, 0.001967566215358569, 0.001967566215358569, 0.0, 0.001967566215358569, 0.12733350387898285, 0.0, 0.0028678718056252056, 0.0, 0.001967566215358569, 0.005786959817946949, 0.0, 0.0008977685334426081, 0.005786959817946949, 0.0, 0.004835438020983778, 0.004835438020983778, 0.0008977685334426081, 0.0, 0.005786959817946949, 0.0, 0.0, 0.0, 0.0, 0.0028678718056252056, 0.04044441715978674, 0.001967566215358569, 0.005786959817946949, 0.0, 0.0008977685334426081, 0.020158065743986993, 0.0, 0.0, 0.0, 0.0, 0.04044441715978674, 0.0028653347488011797, 0.005786959817946949, 0.005786959817946949, 0.0008977685334426081, 0.0, 0.0028678718056252056, 0.0, 0.0, 0.04044441715978674, 0.0, 0.0028678718056252056, 0.020158065743986996]"
32,19:40:00,"[0.0, 0.002879660944927286, 0.002879660944927286, 0.0, 0.02022859847374936, 0.0009014590464788137, 0.0, 0.005774477199981457, 0.0, 0.0028647811719966026, 0.0009014590464788137, 0.0, 0.0, 0.00484298307044508, 0.01826527634823157, 0.0009014590464788137, 0.0, 0.005774477199981457, 0.0, 0.24214306567448707, 0.002879660944927286, 0.0, 0.01826527634823157, 0.001963322125517791, 0.001963322125517791, 0.0, 0.01826527634823157, 0.0, 0.0066759362464602744, 0.002879660944927286, 0.0009014590464788137, 0.0, 0.0, 0.0066759362464602744, 0.0009014590464788137, 0.0009014590464788137, 0.0, 0.0009014590464788137, 0.0, 0.002879660944927286, 0.001963322125517791, 0.0, 0.0, 0.0009014590464788137, 0.001963322125517791, 0.04125863658045082, 0.001963322125517791, 0.001963322125517791, 0.0066759362464602744, 0.01826527634823157, 0.0, 0.0028647811719966026, 0.005774477199981457, 0.002879660944927286, 0.0066759362464602744, 0.0, 0.0057744771999814525, 0.04125863658045081, 0.002879660944927286, 0.008654138144908743, 0.04035717753397204, 0.008654138144908743, 0.0009014590464788137, 0.0009014590464788137, 0.002879660944927286, 0.008654138144908743, 0.0, 0.0, 0.001963322125517791, 0.001963322125517791, 0.0, 0.001963322125517791, 0.1278569416463847, 0.0, 0.002879660944927286, 0.0, 0.001963322125517791, 0.005774477199981457, 0.0, 0.0009014590464788137, 0.005774477199981457, 0.0, 0.00484298307044508, 0.00484298307044508, 0.0009014590464788137, 0.0, 0.005774477199981457, 0.0, 0.0, 0.0, 0.0, 0.002879660944927286, 0.04035717753397204, 0.001963322125517791, 0.005774477199981457, 0.0, 0.0009014590464788137, 0.02022859847374936, 0.0, 0.0, 0.0, 0.0, 0.04035717753397204, 0.0028647811719966026, 0.005774477199981457, 0.005774477199981457, 0.0009014590464788137, 0.0, 0.002879660944927286, 0.0, 0.0, 0.04035717753397204, 0.0, 0.002879660944927286, 0.020228598473749373]"
33,19:45:00,"[0.0, 0.0028902875234301673, 0.0028902875234301673, 0.0, 0.020292175768973103, 0.00090478562745222, 0.0, 0.005763225528732791, 0.0, 0.0028642821849865713, 0.00090478562745222, 0.0, 0.0, 0.004849784080964524, 0.018332679211438756, 0.00090478562745222, 0.0, 0.005763225528732791, 0.0, 0.24167124561621298, 0.0028902875234301673, 0.0, 0.018332679211438756, 0.001959496557534353, 0.001959496557534353, 0.0, 0.018332679211438756, 0.0, 0.006668011156185014, 0.0028902875234301673, 0.00090478562745222, 0.0, 0.0, 0.006668011156185014, 0.00090478562745222, 0.00090478562745222, 0.0, 0.00090478562745222, 0.0, 0.0028902875234301673, 0.001959496557534353, 0.0, 0.0, 0.00090478562745222, 0.001959496557534353, 0.041183326485028496, 0.001959496557534353, 0.001959496557534353, 0.006668011156185014, 0.018332679211438756, 0.0, 0.0028642821849865713, 0.005763225528732791, 0.0028902875234301673, 0.006668011156185014, 0.0, 0.005763225528732792, 0.041183326485028496, 0.0028902875234301673, 0.00865351305216296, 0.04027854085757633, 0.00865351305216296, 0.00090478562745222, 0.00090478562745222, 0.0028902875234301673, 0.00865351305216296, 0.0, 0.0, 0.001959496557534353, 0.001959496557534353, 0.0, 0.001959496557534353, 0.12832876171603858, 0.0, 0.0028902875234301673, 0.0, 0.001959496557534353, 0.005763225528732791, 0.0, 0.00090478562745222, 0.005763225528732791, 0.0, 0.004849784080964524, 0.004849784080964524, 0.00090478562745222, 0.0, 0.005763225528732791, 0.0, 0.0, 0.0, 0.0, 0.0028902875234301673, 0.04027854085757633, 0.001959496557534353, 0.005763225528732791, 0.0, 0.00090478562745222, 0.020292175768973103, 0.0, 0.0, 0.0, 0.0, 0.04027854085757633, 0.0028642821849865713, 0.005763225528732791, 0.005763225528732791, 0.00090478562745222, 0.0, 0.0028902875234301673, 0.0, 0.0, 0.04027854085757633, 0.0, 0.0028902875234301673, 0.020292175768973103]"
34,19:50:00,"[0.0, 0.0028998661845846744, 0.0028998661845846744, 0.0, 0.020349483524983492, 0.0009077841647461044, 0.0, 0.005753083417018877, 0.0, 0.002863832404515059, 0.0009077841647461044, 0.0, 0.0, 0.0048559144243536315, 0.018393435285214532, 0.0009077841647461044, 0.0, 0.005753083417018877, 0.0, 0.2412459530855193, 0.0028998661845846744, 0.0, 0.018393435285214532, 0.0019560482397689553, 0.0019560482397689553, 0.0, 0.018393435285214532, 0.0, 0.006660867581764987, 0.0028998661845846744, 0.0009077841647461044, 0.0, 0.0, 0.006660867581764987, 0.0009077841647461044, 0.0009077841647461044, 0.0, 0.0009077841647461044, 0.0, 0.0028998661845846744, 0.0019560482397689553, 0.0, 0.0, 0.0009077841647461044, 0.0019560482397689553, 0.041115442933858354, 0.0019560482397689553, 0.0019560482397689553, 0.006660867581764987, 0.018393435285214532, 0.0, 0.002863832404515059, 0.005753083417018877, 0.0028998661845846744, 0.006660867581764987, 0.0, 0.0057530834170188725, 0.041115442933858354, 0.0028998661845846744, 0.008652949601603547, 0.040207658769112274, 0.008652949601603547, 0.0009077841647461044, 0.0009077841647461044, 0.0028998661845846744, 0.008652949601603547, 0.0, 0.0, 0.0019560482397689553, 0.0019560482397689553, 0.0, 0.0019560482397689553, 0.12875405425699002, 0.0, 0.0028998661845846744, 0.0, 0.0019560482397689553, 0.005753083417018877, 0.0, 0.0009077841647461044, 0.005753083417018877, 0.0, 0.0048559144243536315, 0.0048559144243536315, 0.0009077841647461044, 0.0, 0.005753083417018877, 0.0, 0.0, 0.0, 0.0, 0.0028998661845846744, 0.040207658769112274, 0.0019560482397689553, 0.005753083417018877, 0.0, 0.0009077841647461044, 0.020349483524983492, 0.0, 0.0, 0.0, 0.0, 0.040207658769112274, 0.002863832404515059, 0.005753083417018877, 0.005753083417018877, 0.0009077841647461044, 0.0, 0.0028998661845846744, 0.0, 0.0, 0.040207658769112274, 0.0, 0.0028998661845846744, 0.020349483524983496]"
35,19:55:00,"[0.0, 0.0029085002665225203, 0.0029085002665225203, 0.0, 0.020401139999002827, 0.00091048700768746, 0.0, 0.005743941447995414, 0.0, 0.002863426978184337, 0.00091048700768746, 0.0, 0.0, 0.004861440237019403, 0.018448200028505946, 0.00091048700768746, 0.0, 0.005743941447995414, 0.0, 0.2408625998696226, 0.0029085002665225203, 0.0, 0.018448200028505946, 0.0019529399704968798, 0.0019529399704968798, 0.0, 0.018448200028505946, 0.0, 0.006654428455682883, 0.0029085002665225203, 0.00091048700768746, 0.0, 0.0, 0.006654428455682883, 0.00091048700768746, 0.00091048700768746, 0.0, 0.00091048700768746, 0.0, 0.0029085002665225203, 0.0019529399704968798, 0.0, 0.0, 0.00091048700768746, 0.0019529399704968798, 0.04105425357413667, 0.0019529399704968798, 0.0019529399704968798, 0.006654428455682883, 0.018448200028505946, 0.0, 0.002863426978184337, 0.005743941447995414, 0.0029085002665225203, 0.006654428455682883, 0.0, 0.005743941447995416, 0.041054253574136675, 0.0029085002665225203, 0.008652441714517935, 0.04014376656644923, 0.008652441714517935, 0.00091048700768746, 0.00091048700768746, 0.0029085002665225203, 0.008652441714517935, 0.0, 0.0, 0.0019529399704968798, 0.0019529399704968798, 0.0, 0.0019529399704968798, 0.1291374074821328, 0.0, 0.0029085002665225203, 0.0, 0.0019529399704968798, 0.005743941447995414, 0.0, 0.00091048700768746, 0.005743941447995414, 0.0, 0.004861440237019403, 0.004861440237019403, 0.00091048700768746, 0.0, 0.005743941447995414, 0.0, 0.0, 0.0, 0.0, 0.0029085002665225203, 0.04014376656644923, 0.0019529399704968798, 0.005743941447995414, 0.0, 0.00091048700768746, 0.020401139999002827, 0.0, 0.0, 0.0, 0.0, 0.04014376656644923, 0.002863426978184337, 0.005743941447995414, 0.005743941447995414, 0.00091048700768746, 0.0, 0.0029085002665225203, 0.0, 0.0, 0.04014376656644923, 0.0, 0.0029085002665225203, 0.020401139999002834]"
